Item,Job_Title,Company_Name,Location,Url
1,Backend Developer - Istanbul,Deloitte,Greater Istanbul,https://tr.linkedin.com/jobs/view/backend-developer-istanbul-at-deloitte-4280173265?position=1&pageNum=0&refId=XowgkquCRY0uZyIwg8lJRw%3D%3D&trackingId=3nxozEWhi6Um58EqntOBlw%3D%3D
2,Software Engineer (New Grad),Dream Games,"Istanbul, Türkiye",https://tr.linkedin.com/jobs/view/software-engineer-new-grad-at-dream-games-3976007336?position=2&pageNum=0&refId=XowgkquCRY0uZyIwg8lJRw%3D%3D&trackingId=FP7zk3xm%2B2IlcOtgNzahMg%3D%3D
3,Web Ön Yüz Geliştirici,Aselsan,"Ankara, Türkiye",https://tr.linkedin.com/jobs/view/web-%C3%B6n-y%C3%BCz-geli%C5%9Ftirici-at-aselsan-4282813681?position=3&pageNum=0&refId=XowgkquCRY0uZyIwg8lJRw%3D%3D&trackingId=1BT1k8%2FHfLceCQj2R8NQ5A%3D%3D
4,Software Developer,LC Waikiki,"Istanbul, Türkiye",https://tr.linkedin.com/jobs/view/software-developer-at-lc-waikiki-4290372625?position=4&pageNum=0&refId=XowgkquCRY0uZyIwg8lJRw%3D%3D&trackingId=YcVOcE5F72isnC0Om5H6rg%3D%3D
5,Software Developer,LC Waikiki,"Istanbul, Türkiye",https://tr.linkedin.com/jobs/view/software-developer-at-lc-waikiki-4286702894?position=5&pageNum=0&refId=XowgkquCRY0uZyIwg8lJRw%3D%3D&trackingId=tnqbZw%2Fkb1LNptJwgAbR6g%3D%3D
6,Backend Developer,Scorp,"Istanbul, Istanbul, Türkiye",https://tr.linkedin.com/jobs/view/backend-developer-at-scorp-4247355023?position=6&pageNum=0&refId=XowgkquCRY0uZyIwg8lJRw%3D%3D&trackingId=%2B8Hfah2UopzWYUhurbtqXw%3D%3D
7,Junior Backend Developer,PlusMinusOne,"Istanbul, Istanbul, Türkiye",https://tr.linkedin.com/jobs/view/junior-backend-developer-at-plusminusone-4281252575?position=7&pageNum=0&refId=XowgkquCRY0uZyIwg8lJRw%3D%3D&trackingId=KYOLX1YmuJHHGtfwpIr3Ng%3D%3D
8,Software Developer,LC Waikiki,"Istanbul, Türkiye",https://tr.linkedin.com/jobs/view/software-developer-at-lc-waikiki-4290369488?position=8&pageNum=0&refId=XowgkquCRY0uZyIwg8lJRw%3D%3D&trackingId=f1y7fnVyFKQY%2BGy%2FrydwvA%3D%3D
9,Yazılım Geliştirme Lideri,KoçSistem,"Istanbul, Türkiye",https://tr.linkedin.com/jobs/view/yaz%C4%B1l%C4%B1m-geli%C5%9Ftirme-lideri-at-ko%C3%A7sistem-4279891314?position=9&pageNum=0&refId=XowgkquCRY0uZyIwg8lJRw%3D%3D&trackingId=Kw4embJVzII5t3fMQp%2FRBQ%3D%3D
10,Junior Software Engineer(Full-Stack),Arc Corp,"Ankara, Ankara, Türkiye",https://tr.linkedin.com/jobs/view/junior-software-engineer-full-stack-at-arc-corp-4287130621?position=10&pageNum=0&refId=XowgkquCRY0uZyIwg8lJRw%3D%3D&trackingId=thOGrI3BMv2BUavMgbaoMg%3D%3D
11,Dijital Proje Uzmanı | Ürün Yönetimi - IKEA Türkiye İnternet Mağazası,IKEA,"Ümraniye, Istanbul, Türkiye",https://tr.linkedin.com/jobs/view/dijital-proje-uzman%C4%B1-%C3%BCr%C3%BCn-y%C3%B6netimi-ikea-t%C3%BCrkiye-i%CC%87nternet-ma%C4%9Fazas%C4%B1-at-ikea-4271704958?position=11&pageNum=0&refId=XowgkquCRY0uZyIwg8lJRw%3D%3D&trackingId=DQoEejvPGcPVb1sRh%2F1Rxw%3D%3D
12,"Software Engineer, Games (New Grad)",Peak,"Istanbul, Türkiye",https://tr.linkedin.com/jobs/view/software-engineer-games-new-grad-at-peak-4227285827?position=12&pageNum=0&refId=XowgkquCRY0uZyIwg8lJRw%3D%3D&trackingId=g0kzWcMxIRZUAh430%2Feyjg%3D%3D
13,Backend GO Software Engineer - Turkiye,qlub,Greater Istanbul,https://tr.linkedin.com/jobs/view/backend-go-software-engineer-turkiye-at-qlub-4251785186?position=13&pageNum=0&refId=XowgkquCRY0uZyIwg8lJRw%3D%3D&trackingId=IToCLcKgyoqOMZbJXsniHA%3D%3D
14,Backend Developer,qlub,Greater Istanbul,https://tr.linkedin.com/jobs/view/backend-developer-at-qlub-4149635650?position=14&pageNum=0&refId=XowgkquCRY0uZyIwg8lJRw%3D%3D&trackingId=F7aggwb8UPvb8iipT4eHWA%3D%3D
15,Front-End Developer- Turkey,Dengage,Greater Istanbul,https://tr.linkedin.com/jobs/view/front-end-developer-turkey-at-dengage-4280071265?position=15&pageNum=0&refId=XowgkquCRY0uZyIwg8lJRw%3D%3D&trackingId=Jb9tRkyVJIDVMRo1Uoj95Q%3D%3D
16,Backend Developer,qlub,Greater Istanbul,https://tr.linkedin.com/jobs/view/backend-developer-at-qlub-4288860739?position=16&pageNum=0&refId=XowgkquCRY0uZyIwg8lJRw%3D%3D&trackingId=rIakkrX77X%2F7IWHCKgWEPQ%3D%3D
17,Software Engineer (Backend),Midas,"Istanbul, Istanbul, Türkiye",https://tr.linkedin.com/jobs/view/software-engineer-backend-at-midas-4289224436?position=17&pageNum=0&refId=XowgkquCRY0uZyIwg8lJRw%3D%3D&trackingId=q7l7Rh61ED08wAxu0xlY2Q%3D%3D
18,Software Engineer (Part-time),Dream Games,"Istanbul, Türkiye",https://tr.linkedin.com/jobs/view/software-engineer-part-time-at-dream-games-3815780752?position=18&pageNum=0&refId=XowgkquCRY0uZyIwg8lJRw%3D%3D&trackingId=DuPDgfAG8ijkttuwiGeomw%3D%3D
19,Junior Software Engineer,Good Job Games,"Istanbul, Türkiye",https://tr.linkedin.com/jobs/view/junior-software-engineer-at-good-job-games-4087076341?position=19&pageNum=0&refId=XowgkquCRY0uZyIwg8lJRw%3D%3D&trackingId=6AEI6P9PwcR3wDYeu2E9OA%3D%3D
20,Backend Developer,Scorp,Türkiye,https://tr.linkedin.com/jobs/view/backend-developer-at-scorp-4264463841?position=20&pageNum=0&refId=XowgkquCRY0uZyIwg8lJRw%3D%3D&trackingId=7ITy9EYsVYRHdzw%2B%2B71aTw%3D%3D
21,Web Developer - Hybrid,Pegasus Airlines,"Istanbul, Türkiye",https://tr.linkedin.com/jobs/view/web-developer-hybrid-at-pegasus-airlines-4285504459?position=21&pageNum=0&refId=XowgkquCRY0uZyIwg8lJRw%3D%3D&trackingId=4vYghTUrxIoqoCcLtDKjsg%3D%3D
22,FrontEnd Developer,Padran Information Technologies Inc.,"İzmir, İzmir, Türkiye",https://tr.linkedin.com/jobs/view/frontend-developer-at-padran-information-technologies-inc-4287972146?position=22&pageNum=0&refId=XowgkquCRY0uZyIwg8lJRw%3D%3D&trackingId=5l7%2BKswuISja4gBkdlhGog%3D%3D
23,Junior Software Engineer with Accounting Experience,Sezzle,Türkiye,https://tr.linkedin.com/jobs/view/junior-software-engineer-with-accounting-experience-at-sezzle-4278660158?position=23&pageNum=0&refId=XowgkquCRY0uZyIwg8lJRw%3D%3D&trackingId=M%2Fe%2B3tI4GPtYLrywA16KRg%3D%3D
24,Full-Stack Developer  (E-commerce),Ruby Labs,Türkiye,https://tr.linkedin.com/jobs/view/full-stack-developer-e-commerce-at-ruby-labs-4290921732?position=24&pageNum=0&refId=XowgkquCRY0uZyIwg8lJRw%3D%3D&trackingId=pDXePg5btYuDuPiy8OajFg%3D%3D
25,Full Stack Developer,Scorp,Türkiye,https://tr.linkedin.com/jobs/view/full-stack-developer-at-scorp-4264464471?position=25&pageNum=0&refId=XowgkquCRY0uZyIwg8lJRw%3D%3D&trackingId=70YA%2FJMnW0nEZANbxbnGLQ%3D%3D
26,Frontend (React) Developer (Ön Yüz Geliştirici),GİB Teknoloji,"Ankara, Türkiye",https://tr.linkedin.com/jobs/view/frontend-react-developer-%C3%B6n-y%C3%BCz-geli%C5%9Ftirici-at-gi%CC%87b-teknoloji-4259405603?position=26&pageNum=0&refId=XowgkquCRY0uZyIwg8lJRw%3D%3D&trackingId=e2NBNT%2Bv7RhNLmwPAySkQA%3D%3D
27,Yazılım Mimarı,KoçSistem,"Istanbul, Türkiye",https://tr.linkedin.com/jobs/view/yaz%C4%B1l%C4%B1m-mimar%C4%B1-at-ko%C3%A7sistem-4292505512?position=27&pageNum=0&refId=XowgkquCRY0uZyIwg8lJRw%3D%3D&trackingId=Lu0IENRqIIbekz7%2FdMO9Lg%3D%3D
28,Software Engineer,Udemy,"İstanbul, Türkiye",https://tr.linkedin.com/jobs/view/software-engineer-at-udemy-4285587936?position=28&pageNum=0&refId=XowgkquCRY0uZyIwg8lJRw%3D%3D&trackingId=2TvxZkmYxKxrEI3Uxcb1gQ%3D%3D
29,Software Developer (Java),TDG Türkiye,"Istanbul, Istanbul, Türkiye",https://tr.linkedin.com/jobs/view/software-developer-java-at-tdg-t%C3%BCrkiye-4199349659?position=29&pageNum=0&refId=XowgkquCRY0uZyIwg8lJRw%3D%3D&trackingId=LLq9lrb83UY51HIuhbFyTA%3D%3D
30,Backend Developer (Fintech),qlub,Greater Istanbul,https://tr.linkedin.com/jobs/view/backend-developer-fintech-at-qlub-4275590685?position=30&pageNum=0&refId=XowgkquCRY0uZyIwg8lJRw%3D%3D&trackingId=L9OFexSJnqGAKzb9LCRUsQ%3D%3D
31,Software Engineer,Vodafone,Greater Istanbul,https://tr.linkedin.com/jobs/view/software-engineer-at-vodafone-4223055678?position=31&pageNum=0&refId=XowgkquCRY0uZyIwg8lJRw%3D%3D&trackingId=T%2BtwpbTYJ263plzT58hoVg%3D%3D
32,Software Engineer,Atos,"Istanbul, Türkiye",https://tr.linkedin.com/jobs/view/software-engineer-at-atos-4290381186?position=32&pageNum=0&refId=XowgkquCRY0uZyIwg8lJRw%3D%3D&trackingId=8rrYkooF1wuDRNqXYPj8ng%3D%3D
33,React Native Developer (New Grad),HubX,Greater Istanbul,https://tr.linkedin.com/jobs/view/react-native-developer-new-grad-at-hubx-4278277262?position=33&pageNum=0&refId=XowgkquCRY0uZyIwg8lJRw%3D%3D&trackingId=BlM4jUFzlLtubJEmxEjPig%3D%3D
34,Software Developer (Java),TDG Türkiye,"Sakarya, Sakarya, Türkiye",https://tr.linkedin.com/jobs/view/software-developer-java-at-tdg-t%C3%BCrkiye-4199344829?position=34&pageNum=0&refId=XowgkquCRY0uZyIwg8lJRw%3D%3D&trackingId=zoQdHfilTBGVW080VC%2B%2BGA%3D%3D
35,Software Developer-Python/JavaScript,Acronis,Türkiye,https://tr.linkedin.com/jobs/view/software-developer-python-javascript-at-acronis-4270611317?position=35&pageNum=0&refId=XowgkquCRY0uZyIwg8lJRw%3D%3D&trackingId=ZUa48hNxv%2FpgvNW4Vqk99A%3D%3D
36,Software Engineer,Dream Games,"Istanbul, Türkiye",https://tr.linkedin.com/jobs/view/software-engineer-at-dream-games-3630450075?position=36&pageNum=0&refId=XowgkquCRY0uZyIwg8lJRw%3D%3D&trackingId=KBMo6NixvwozLVAlfXpwPA%3D%3D
37,Yazılım Geliştirme Uzmanı,iGA Istanbul Airport,"Istanbul, Türkiye",https://tr.linkedin.com/jobs/view/yaz%C4%B1l%C4%B1m-geli%C5%9Ftirme-uzman%C4%B1-at-iga-istanbul-airport-4292863321?position=37&pageNum=0&refId=XowgkquCRY0uZyIwg8lJRw%3D%3D&trackingId=Ve6cX1hutUxThPDPzO3TFw%3D%3D
38,"Yazılım Mühendisi (Görüntü İşleme, Derin Öğrenme Mühendisi)",HAVELSAN,"Ankara, Türkiye",https://tr.linkedin.com/jobs/view/yaz%C4%B1l%C4%B1m-m%C3%BChendisi-g%C3%B6r%C3%BCnt%C3%BC-i%CC%87%C5%9Fleme-derin-%C3%B6%C4%9Frenme-m%C3%BChendisi-at-havelsan-4272827950?position=38&pageNum=0&refId=XowgkquCRY0uZyIwg8lJRw%3D%3D&trackingId=sLSMYItzGG4qXVJHDcFqHg%3D%3D
39,Software Developer,TurkNet,"Istanbul, Türkiye",https://tr.linkedin.com/jobs/view/software-developer-at-turknet-4158185969?position=39&pageNum=0&refId=XowgkquCRY0uZyIwg8lJRw%3D%3D&trackingId=BaPqoR8iKY7MZlJy0uwpFQ%3D%3D
40,Full Stack Developer,viravira.co,"Istanbul, Istanbul, Türkiye",https://tr.linkedin.com/jobs/view/full-stack-developer-at-viravira-co-4280891343?position=40&pageNum=0&refId=XowgkquCRY0uZyIwg8lJRw%3D%3D&trackingId=UXXD0QvOdOB0Z4%2F9nUK7ug%3D%3D
41,Software Engineer,iyzico,"Istanbul, Türkiye",https://tr.linkedin.com/jobs/view/software-engineer-at-iyzico-4286784857?position=41&pageNum=0&refId=XowgkquCRY0uZyIwg8lJRw%3D%3D&trackingId=uHPewHNXWGTdtgHqV1ZFrg%3D%3D
42,Back End Developer,Wingie Enuygun Group,"Istanbul, Istanbul, Türkiye",https://tr.linkedin.com/jobs/view/back-end-developer-at-wingie-enuygun-group-4292361396?position=42&pageNum=0&refId=XowgkquCRY0uZyIwg8lJRw%3D%3D&trackingId=6mVkZDuqRyd95e5PmruXOA%3D%3D
43,Yazılım Uzmanı,Cengiz Holding,"Üsküdar, Istanbul, Türkiye",https://tr.linkedin.com/jobs/view/yaz%C4%B1l%C4%B1m-uzman%C4%B1-at-cengiz-holding-4279998419?position=43&pageNum=0&refId=XowgkquCRY0uZyIwg8lJRw%3D%3D&trackingId=gaYzfBcptbbg7D84GZ30gw%3D%3D
44,Full Stack Engineer,Cherry,Türkiye,https://tr.linkedin.com/jobs/view/full-stack-engineer-at-cherry-4280021208?position=44&pageNum=0&refId=XowgkquCRY0uZyIwg8lJRw%3D%3D&trackingId=kiqDLs4QQ3gkc5KIvYp7Cg%3D%3D
45,MERN Full Stack Web Developer,AudaCity Capital Management,Türkiye,https://tr.linkedin.com/jobs/view/mern-full-stack-web-developer-at-audacity-capital-management-4283749929?position=45&pageNum=0&refId=XowgkquCRY0uZyIwg8lJRw%3D%3D&trackingId=DYP5BipJofJThugzVYBtpw%3D%3D
46,Pusula Talent Academy ile Geleceğine Yön Ver!,Pusula Kurumsal İş Çözümleri,"Maltepe, Istanbul, Türkiye",https://tr.linkedin.com/jobs/view/pusula-talent-academy-ile-gelece%C4%9Fine-y%C3%B6n-ver%21-at-pusula-kurumsal-i%CC%87%C5%9F-%C3%A7%C3%B6z%C3%BCmleri-4277536784?position=46&pageNum=0&refId=XowgkquCRY0uZyIwg8lJRw%3D%3D&trackingId=o1ynfBHumJj%2Fooa4hok%2F%2FA%3D%3D
47,Full Stack Developer,Modanisa,Türkiye,https://tr.linkedin.com/jobs/view/full-stack-developer-at-modanisa-4278585001?position=47&pageNum=0&refId=XowgkquCRY0uZyIwg8lJRw%3D%3D&trackingId=KFI8CL%2B%2B9m4OtmLGcvLctQ%3D%3D
48,Software Engineer,Vodafone,Greater Istanbul,https://tr.linkedin.com/jobs/view/software-engineer-at-vodafone-4291134756?position=48&pageNum=0&refId=XowgkquCRY0uZyIwg8lJRw%3D%3D&trackingId=8PIUG6SvRu64%2BFi5OukejA%3D%3D
49,Software Developer,Otokoç Otomotiv,"Maltepe, Istanbul, Türkiye",https://tr.linkedin.com/jobs/view/software-developer-at-otoko%C3%A7-otomotiv-4146318755?position=49&pageNum=0&refId=XowgkquCRY0uZyIwg8lJRw%3D%3D&trackingId=uvY%2FyFLnWp834pO0WGGGPQ%3D%3D
50,Software Engineer (Full-stack),kapa.ai,Türkiye,https://tr.linkedin.com/jobs/view/software-engineer-full-stack-at-kapa-ai-4231620551?position=50&pageNum=0&refId=XowgkquCRY0uZyIwg8lJRw%3D%3D&trackingId=iB5AfbKup2ZwIq%2FQJo9FPw%3D%3D
51,Yazılım Geliştirme Uzmanı,Tat Gıda,"Istanbul, Türkiye",https://tr.linkedin.com/jobs/view/yaz%C4%B1l%C4%B1m-geli%C5%9Ftirme-uzman%C4%B1-at-tat-g%C4%B1da-4285024266?position=51&pageNum=0&refId=XowgkquCRY0uZyIwg8lJRw%3D%3D&trackingId=Oj1rWEwHtuiUSXIrq2rMzA%3D%3D
52,Backend Developer,TurkNet,"Istanbul, Türkiye",https://tr.linkedin.com/jobs/view/backend-developer-at-turknet-4280930084?position=52&pageNum=0&refId=XowgkquCRY0uZyIwg8lJRw%3D%3D&trackingId=wzNusPEC3UVxSvbSJNbhTQ%3D%3D
53,Junior Frontend Developer (React / TypeScript) | Asparel Tasarım Yazılım,Teknopark İzmir,"İzmir, İzmir, Türkiye",https://tr.linkedin.com/jobs/view/junior-frontend-developer-react-typescript-asparel-tasar%C4%B1m-yaz%C4%B1l%C4%B1m-at-teknopark-i%CC%87zmir-4273760540?position=53&pageNum=0&refId=XowgkquCRY0uZyIwg8lJRw%3D%3D&trackingId=IL%2BT6%2BP%2FsH09RLgkNC1H6w%3D%3D
54,Yazılım Uzmanı,Dgpays,Greater Istanbul,https://tr.linkedin.com/jobs/view/yaz%C4%B1l%C4%B1m-uzman%C4%B1-at-dgpays-4287117446?position=54&pageNum=0&refId=XowgkquCRY0uZyIwg8lJRw%3D%3D&trackingId=a6%2Bm3IZ248Z3IoDerJaeUg%3D%3D
55,"Software Engineer, Games",Peak,"Istanbul, Türkiye",https://tr.linkedin.com/jobs/view/software-engineer-games-at-peak-4148972165?position=55&pageNum=0&refId=XowgkquCRY0uZyIwg8lJRw%3D%3D&trackingId=CzxjxLAvU%2F%2FyFAH%2FiwkHIA%3D%3D
56,Software Developer (IoT) R&D,TDG Türkiye,"Sakarya, Sakarya, Türkiye",https://tr.linkedin.com/jobs/view/software-developer-iot-r-d-at-tdg-t%C3%BCrkiye-4199352318?position=56&pageNum=0&refId=XowgkquCRY0uZyIwg8lJRw%3D%3D&trackingId=8aUXmJUeKhmmGYoSDwDbQQ%3D%3D
57,Back End Geliştirici,CMIT Bilişim ve Arge A.Ş,"Ankara, Türkiye",https://tr.linkedin.com/jobs/view/back-end-geli%C5%9Ftirici-at-cmit-bili%C5%9Fim-ve-arge-a-%C5%9F-4290383731?position=57&pageNum=0&refId=XowgkquCRY0uZyIwg8lJRw%3D%3D&trackingId=AOKUJW9F4AgLdNxe9MbFyQ%3D%3D
58,Backend Engineer - Remote,Justlife,Türkiye,https://tr.linkedin.com/jobs/view/backend-engineer-remote-at-justlife-4289983560?position=58&pageNum=0&refId=XowgkquCRY0uZyIwg8lJRw%3D%3D&trackingId=WXpm8aTXEgD%2BL%2BUJdwa4oA%3D%3D
59,Frontend Developer,United Nations Volunteers,"Ankara, Türkiye",https://tr.linkedin.com/jobs/view/frontend-developer-at-united-nations-volunteers-4291097928?position=59&pageNum=0&refId=XowgkquCRY0uZyIwg8lJRw%3D%3D&trackingId=bKlR%2B4TI%2BRM1fGgCegRphQ%3D%3D
60,Frontend (React) Developer (Ön Yüz Geliştirici),GİB Teknoloji,"Ankara, Türkiye",https://tr.linkedin.com/jobs/view/frontend-react-developer-%C3%B6n-y%C3%BCz-geli%C5%9Ftirici-at-gi%CC%87b-teknoloji-4259405603?position=1&pageNum=2&refId=JLiTRnXWyOP3yFxpqkuqJg%3D%3D&trackingId=eZ%2FW4CtOFgl4cHBELCJH5g%3D%3D
61,Yazılım Mimarı,KoçSistem,"Istanbul, Türkiye",https://tr.linkedin.com/jobs/view/yaz%C4%B1l%C4%B1m-mimar%C4%B1-at-ko%C3%A7sistem-4292505512?position=2&pageNum=2&refId=JLiTRnXWyOP3yFxpqkuqJg%3D%3D&trackingId=jsO2MtsxzufWSasPDQOUgw%3D%3D
62,Software Engineer,Udemy,"İstanbul, Türkiye",https://tr.linkedin.com/jobs/view/software-engineer-at-udemy-4285587936?position=3&pageNum=2&refId=JLiTRnXWyOP3yFxpqkuqJg%3D%3D&trackingId=g%2FaiKPuWGrLji3%2B2fj%2F8PA%3D%3D
63,Software Developer (Java),TDG Türkiye,"Istanbul, Istanbul, Türkiye",https://tr.linkedin.com/jobs/view/software-developer-java-at-tdg-t%C3%BCrkiye-4199349659?position=4&pageNum=2&refId=JLiTRnXWyOP3yFxpqkuqJg%3D%3D&trackingId=meOjTu%2BCcFUeKVNFwiEbAA%3D%3D
64,Backend Developer (Fintech),qlub,Greater Istanbul,https://tr.linkedin.com/jobs/view/backend-developer-fintech-at-qlub-4275590685?position=5&pageNum=2&refId=JLiTRnXWyOP3yFxpqkuqJg%3D%3D&trackingId=2Ek0sub0HmS5C1OfNai8tQ%3D%3D
65,Software Engineer,Vodafone,Greater Istanbul,https://tr.linkedin.com/jobs/view/software-engineer-at-vodafone-4223055678?position=6&pageNum=2&refId=JLiTRnXWyOP3yFxpqkuqJg%3D%3D&trackingId=lT%2BA9ukuzxYBs%2FyJGQB6zw%3D%3D
66,Software Engineer,Atos,"Istanbul, Türkiye",https://tr.linkedin.com/jobs/view/software-engineer-at-atos-4290381186?position=7&pageNum=2&refId=JLiTRnXWyOP3yFxpqkuqJg%3D%3D&trackingId=HPlJTmLMigIEspgt%2BTVYgQ%3D%3D
67,React Native Developer (New Grad),HubX,Greater Istanbul,https://tr.linkedin.com/jobs/view/react-native-developer-new-grad-at-hubx-4278277262?position=8&pageNum=2&refId=JLiTRnXWyOP3yFxpqkuqJg%3D%3D&trackingId=lSR2nudXHSk3QLdu57%2F26A%3D%3D
68,Software Developer (Java),TDG Türkiye,"Sakarya, Sakarya, Türkiye",https://tr.linkedin.com/jobs/view/software-developer-java-at-tdg-t%C3%BCrkiye-4199344829?position=9&pageNum=2&refId=JLiTRnXWyOP3yFxpqkuqJg%3D%3D&trackingId=iV2DuqDgjGqO7EVAejG1hA%3D%3D
69,Software Developer-Python/JavaScript,Acronis,Türkiye,https://tr.linkedin.com/jobs/view/software-developer-python-javascript-at-acronis-4270611317?position=10&pageNum=2&refId=JLiTRnXWyOP3yFxpqkuqJg%3D%3D&trackingId=D2u6clzuCLw0rui82gHdPQ%3D%3D
70,Software Engineer (Full-stack),kapa.ai,Türkiye,https://tr.linkedin.com/jobs/view/software-engineer-full-stack-at-kapa-ai-4231620551?position=1&pageNum=5&refId=UG%2F6CtugWgyQ619C9nDXUg%3D%3D&trackingId=cZqz2EQ0OqaLVzSVkJ%2Fd4w%3D%3D
71,Yazılım Geliştirme Uzmanı,Tat Gıda,"Istanbul, Türkiye",https://tr.linkedin.com/jobs/view/yaz%C4%B1l%C4%B1m-geli%C5%9Ftirme-uzman%C4%B1-at-tat-g%C4%B1da-4285024266?position=2&pageNum=5&refId=UG%2F6CtugWgyQ619C9nDXUg%3D%3D&trackingId=p2EZRjBS8lwKxl94JfWftA%3D%3D
72,Backend Developer,TurkNet,"Istanbul, Türkiye",https://tr.linkedin.com/jobs/view/backend-developer-at-turknet-4280930084?position=3&pageNum=5&refId=UG%2F6CtugWgyQ619C9nDXUg%3D%3D&trackingId=RlyYuC6G3AAZxkaL2AxIIA%3D%3D
73,Junior Frontend Developer (React / TypeScript) | Asparel Tasarım Yazılım,Teknopark İzmir,"İzmir, İzmir, Türkiye",https://tr.linkedin.com/jobs/view/junior-frontend-developer-react-typescript-asparel-tasar%C4%B1m-yaz%C4%B1l%C4%B1m-at-teknopark-i%CC%87zmir-4273760540?position=4&pageNum=5&refId=UG%2F6CtugWgyQ619C9nDXUg%3D%3D&trackingId=%2Fe8Nj7OLiCNFrcHdyguiyw%3D%3D
74,Yazılım Uzmanı,Dgpays,Greater Istanbul,https://tr.linkedin.com/jobs/view/yaz%C4%B1l%C4%B1m-uzman%C4%B1-at-dgpays-4287117446?position=5&pageNum=5&refId=UG%2F6CtugWgyQ619C9nDXUg%3D%3D&trackingId=poXF9EaJTYgPXuqfhW15YA%3D%3D
75,"Software Engineer, Games",Peak,"Istanbul, Türkiye",https://tr.linkedin.com/jobs/view/software-engineer-games-at-peak-4148972165?position=6&pageNum=5&refId=UG%2F6CtugWgyQ619C9nDXUg%3D%3D&trackingId=ck94mU3lSQYuiwVU7HbSdw%3D%3D
76,Software Developer (IoT) R&D,TDG Türkiye,"Sakarya, Sakarya, Türkiye",https://tr.linkedin.com/jobs/view/software-developer-iot-r-d-at-tdg-t%C3%BCrkiye-4199352318?position=7&pageNum=5&refId=UG%2F6CtugWgyQ619C9nDXUg%3D%3D&trackingId=OxefVfr9g8uDxiadE%2FD5jQ%3D%3D
77,Back End Geliştirici,CMIT Bilişim ve Arge A.Ş,"Ankara, Türkiye",https://tr.linkedin.com/jobs/view/back-end-geli%C5%9Ftirici-at-cmit-bili%C5%9Fim-ve-arge-a-%C5%9F-4290383731?position=8&pageNum=5&refId=UG%2F6CtugWgyQ619C9nDXUg%3D%3D&trackingId=denGMTmzAlsrDA2p4TWFJQ%3D%3D
78,Backend Engineer - Remote,Justlife,Türkiye,https://tr.linkedin.com/jobs/view/backend-engineer-remote-at-justlife-4289983560?position=9&pageNum=5&refId=UG%2F6CtugWgyQ619C9nDXUg%3D%3D&trackingId=Z0Z8YR2aLeakWCV4m9Dzhw%3D%3D
79,Frontend Developer,United Nations Volunteers,"Ankara, Türkiye",https://tr.linkedin.com/jobs/view/frontend-developer-at-united-nations-volunteers-4291097928?position=10&pageNum=5&refId=UG%2F6CtugWgyQ619C9nDXUg%3D%3D&trackingId=IiUqd2x26ZiNuVVvel3Dow%3D%3D
80,Yazılım Geliştiricisi (JAVA Spring),ODYA Teknoloji,"Istanbul, Istanbul, Türkiye",https://tr.linkedin.com/jobs/view/yaz%C4%B1l%C4%B1m-geli%C5%9Ftiricisi-java-spring-at-odya-teknoloji-4276023890?position=1&pageNum=7&refId=BETIgQHWP8SsE7k9Z3KxjA%3D%3D&trackingId=tVT5ZdWRO9AY1Mzt%2FJRywg%3D%3D
81,Kalite ve Süreç Geliştirme Uzmanı,KoçZer,"Üsküdar, Istanbul, Türkiye",https://tr.linkedin.com/jobs/view/kalite-ve-s%C3%BCre%C3%A7-geli%C5%9Ftirme-uzman%C4%B1-at-ko%C3%A7zer-4203303784?position=2&pageNum=7&refId=BETIgQHWP8SsE7k9Z3KxjA%3D%3D&trackingId=bMcY1DZMQojX2Ylp1NV7hA%3D%3D
82,Frontend Developer,Blueclip,"Istanbul, Türkiye",https://tr.linkedin.com/jobs/view/frontend-developer-at-blueclip-4208909887?position=3&pageNum=7&refId=BETIgQHWP8SsE7k9Z3KxjA%3D%3D&trackingId=Bpu8TjLeHoNZCVOry0Fo2A%3D%3D
83,Game Developer,Ace Games,"Istanbul, Istanbul, Türkiye",https://tr.linkedin.com/jobs/view/game-developer-at-ace-games-4281646303?position=4&pageNum=7&refId=BETIgQHWP8SsE7k9Z3KxjA%3D%3D&trackingId=dgL9lcmBpFSbIEJ4cgWGSg%3D%3D
84,Backend Assistant Engineer (Part-Time),Rapsodo,"İzmir, İzmir, Türkiye",https://tr.linkedin.com/jobs/view/backend-assistant-engineer-part-time-at-rapsodo-4272841605?position=5&pageNum=7&refId=BETIgQHWP8SsE7k9Z3KxjA%3D%3D&trackingId=iRmuo7YtWFODI%2BTGYIewTg%3D%3D
85,Software Engineer - Backend,Gamegos,"Istanbul, Türkiye",https://tr.linkedin.com/jobs/view/software-engineer-backend-at-gamegos-4268084901?position=6&pageNum=7&refId=BETIgQHWP8SsE7k9Z3KxjA%3D%3D&trackingId=MkL0PQl0mh1C2j79srUBFg%3D%3D
86,Web Developer,Canonical,"İstanbul, Türkiye",https://tr.linkedin.com/jobs/view/web-developer-at-canonical-4284581790?position=7&pageNum=7&refId=BETIgQHWP8SsE7k9Z3KxjA%3D%3D&trackingId=in7H%2BwsMc6FsUjnqHI2qCw%3D%3D
87,Python Developer,TELPA A.Ş.,"Istanbul, Istanbul, Türkiye",https://tr.linkedin.com/jobs/view/python-developer-at-telpa-a-%C5%9F-4279452824?position=8&pageNum=7&refId=BETIgQHWP8SsE7k9Z3KxjA%3D%3D&trackingId=eydjKW%2FN0timVf%2F9DFPfrg%3D%3D
88,Full Stack Developer,Grape Law Firm PLLC,Greater Istanbul,https://tr.linkedin.com/jobs/view/full-stack-developer-at-grape-law-firm-pllc-4277751139?position=9&pageNum=7&refId=BETIgQHWP8SsE7k9Z3KxjA%3D%3D&trackingId=2A%2B%2FTJo9UhWILcnWB3HTQg%3D%3D
89,Software Developer,Agito Software & Consulting,"Istanbul, Türkiye",https://tr.linkedin.com/jobs/view/software-developer-at-agito-software-consulting-4283291534?position=10&pageNum=7&refId=BETIgQHWP8SsE7k9Z3KxjA%3D%3D&trackingId=UtG0w37lRwR7wZH0czSrEw%3D%3D
90,Software Engineer (Platform),Speechify,Türkiye,https://tr.linkedin.com/jobs/view/software-engineer-platform-at-speechify-4291236667?position=1&pageNum=10&refId=dWZGLAKnCo0y30ZhefZS%2FA%3D%3D&trackingId=Km%2BMSaco0Kzl9U20K6Q2IQ%3D%3D
91,Coders - AI Training [Remote],Braintrust,"Istanbul, Türkiye",https://tr.linkedin.com/jobs/view/coders-ai-training-remote-at-braintrust-4201823803?position=2&pageNum=10&refId=dWZGLAKnCo0y30ZhefZS%2FA%3D%3D&trackingId=cnFMZQE4jJBdLPxQsOdJDw%3D%3D
92,Web Developer,Canonical,"Ankara, Ankara, Türkiye",https://tr.linkedin.com/jobs/view/web-developer-at-canonical-4284585142?position=3&pageNum=10&refId=dWZGLAKnCo0y30ZhefZS%2FA%3D%3D&trackingId=%2Fte8ucTwbBtmneRpc%2BW5ww%3D%3D
93,Software Engineer,Placemaking AI,"Ankara, Türkiye",https://tr.linkedin.com/jobs/view/software-engineer-at-placemaking-ai-4289281328?position=4&pageNum=10&refId=dWZGLAKnCo0y30ZhefZS%2FA%3D%3D&trackingId=K3kNbN83iIL7tkvmVHJKOg%3D%3D
94,Yazılım Mühendisi,HAVELSAN,"Ankara, Türkiye",https://tr.linkedin.com/jobs/view/yaz%C4%B1l%C4%B1m-m%C3%BChendisi-at-havelsan-4266416989?position=5&pageNum=10&refId=dWZGLAKnCo0y30ZhefZS%2FA%3D%3D&trackingId=vvfMSqGyVddu4uBPeOuy7g%3D%3D
95,Product Specialist (Entry-level),Gulliver's Games,Greater Istanbul,https://tr.linkedin.com/jobs/view/product-specialist-entry-level-at-gulliver-s-games-4258854366?position=6&pageNum=10&refId=dWZGLAKnCo0y30ZhefZS%2FA%3D%3D&trackingId=Ml4mnMY9G%2FRsLVFAdWPuOA%3D%3D
96,Talent Community - Full-stack JavaScript Developer,Scopic,Greater Istanbul,https://tr.linkedin.com/jobs/view/talent-community-full-stack-javascript-developer-at-scopic-4269394998?position=7&pageNum=10&refId=dWZGLAKnCo0y30ZhefZS%2FA%3D%3D&trackingId=F9M%2BpZBsF%2F93zDWi%2FGOv3g%3D%3D
97,Developer in Test,Trendyol Group,"İzmir, Türkiye",https://tr.linkedin.com/jobs/view/developer-in-test-at-trendyol-group-4284135404?position=8&pageNum=10&refId=dWZGLAKnCo0y30ZhefZS%2FA%3D%3D&trackingId=znlgMS3m6dR%2BXkbINkzhMQ%3D%3D
98,Frontend Developer,Lokalde,"Istanbul, Türkiye",https://tr.linkedin.com/jobs/view/frontend-developer-at-lokalde-4280225233?position=9&pageNum=10&refId=dWZGLAKnCo0y30ZhefZS%2FA%3D%3D&trackingId=GeqNqXG4M0Yu%2BcookJohuQ%3D%3D
99,Üretim Yazılım Uzmanı (Full Stack),AXA Türkiye,"Istanbul, Türkiye",https://tr.linkedin.com/jobs/view/%C3%BCretim-yaz%C4%B1l%C4%B1m-uzman%C4%B1-full-stack-at-axa-t%C3%BCrkiye-4285541089?position=10&pageNum=10&refId=dWZGLAKnCo0y30ZhefZS%2FA%3D%3D&trackingId=SXsGGKNfzY89Nxo8bBSYwA%3D%3D
100,Full Stack Developer,Hitit,"Sarıyer, Istanbul, Türkiye",https://tr.linkedin.com/jobs/view/full-stack-developer-at-hitit-4286795746?position=1&pageNum=12&refId=UuCUOEaRhgtYAPM8mz%2FRzw%3D%3D&trackingId=8MV4cDcPITiME4YKCMImzQ%3D%3D
101,Full-Stack Developer,Flalingo,Türkiye,https://tr.linkedin.com/jobs/view/full-stack-developer-at-flalingo-4288590353?position=2&pageNum=12&refId=UuCUOEaRhgtYAPM8mz%2FRzw%3D%3D&trackingId=nuxBSknYZJZ8yvQHlCWP%2BA%3D%3D
102,Full-Stack Developer,Darkex,"Istanbul, Istanbul, Türkiye",https://tr.linkedin.com/jobs/view/full-stack-developer-at-darkex-4288574731?position=3&pageNum=12&refId=UuCUOEaRhgtYAPM8mz%2FRzw%3D%3D&trackingId=J8L57uRQtCyh763hLW3ocQ%3D%3D
103,Full Stack Engineer,Lonca,"Kâğıthane, Istanbul, Türkiye",https://tr.linkedin.com/jobs/view/full-stack-engineer-at-lonca-4285539533?position=4&pageNum=12&refId=UuCUOEaRhgtYAPM8mz%2FRzw%3D%3D&trackingId=Jk1woKGwCfKC4bIxAIZ4aQ%3D%3D
104,Software Engineer,BtcTurk | Teknoloji,Türkiye,https://tr.linkedin.com/jobs/view/software-engineer-at-btcturk-teknoloji-4222843117?position=5&pageNum=12&refId=UuCUOEaRhgtYAPM8mz%2FRzw%3D%3D&trackingId=Jwsc26Ke7nRbk9%2FkxzFQRw%3D%3D
105,Junior Software Engineer - Cross-platform C++ - Multipass,Canonical,"Ankara, Ankara, Türkiye",https://tr.linkedin.com/jobs/view/junior-software-engineer-cross-platform-c%2B%2B-multipass-at-canonical-4250074297?position=6&pageNum=12&refId=UuCUOEaRhgtYAPM8mz%2FRzw%3D%3D&trackingId=w2wvQs78gX5snsqT5TO3XQ%3D%3D
106,Front-end Developer (React),Onlayer,"Ankara, Türkiye",https://tr.linkedin.com/jobs/view/front-end-developer-react-at-onlayer-4288888258?position=7&pageNum=12&refId=UuCUOEaRhgtYAPM8mz%2FRzw%3D%3D&trackingId=A478iRetKwUcyl5ps7Xi8g%3D%3D
107,"Software Engineer, Core Platform",Pairwise,Türkiye,https://tr.linkedin.com/jobs/view/software-engineer-core-platform-at-pairwise-4267428627?position=8&pageNum=12&refId=UuCUOEaRhgtYAPM8mz%2FRzw%3D%3D&trackingId=ksRDMoqASe3mD2hs25Ddlw%3D%3D
108,Software Engineer,Spiky.AI,Türkiye,https://tr.linkedin.com/jobs/view/software-engineer-at-spiky-ai-4194974511?position=9&pageNum=12&refId=UuCUOEaRhgtYAPM8mz%2FRzw%3D%3D&trackingId=cWj7%2BI%2BTnmBm9VEUd75kYQ%3D%3D
109,"Yazılım Mühendisi (Kontrol, Algoritma Geliştirme Mühendisi)",HAVELSAN,"Ankara, Türkiye",https://tr.linkedin.com/jobs/view/yaz%C4%B1l%C4%B1m-m%C3%BChendisi-kontrol-algoritma-geli%C5%9Ftirme-m%C3%BChendisi-at-havelsan-4252654069?position=10&pageNum=12&refId=UuCUOEaRhgtYAPM8mz%2FRzw%3D%3D&trackingId=pyE4TbTfrYbE1OyY042TUQ%3D%3D
110,Yazılım ve Saha Mühendisi,Magicline Enerji,"Istanbul, Türkiye",https://tr.linkedin.com/jobs/view/yaz%C4%B1l%C4%B1m-ve-saha-m%C3%BChendisi-at-magicline-enerji-4204645312?position=1&pageNum=15&refId=F%2BCaC6xVkaHORZmPZgqRFg%3D%3D&trackingId=Dr41Ujsfy0b5S1T9ufoXtg%3D%3D
111,Yazılım Mühendisi,Republic of Turkey Ministry of Justice,"Ankara, Ankara, Türkiye",https://tr.linkedin.com/jobs/view/yaz%C4%B1l%C4%B1m-m%C3%BChendisi-at-republic-of-turkey-ministry-of-justice-4278207708?position=2&pageNum=15&refId=F%2BCaC6xVkaHORZmPZgqRFg%3D%3D&trackingId=%2FjG0TKwcXr%2BidJrgncr2DA%3D%3D
112,Software Development Specialist,KoçZer,"Üsküdar, Istanbul, Türkiye",https://tr.linkedin.com/jobs/view/software-development-specialist-at-ko%C3%A7zer-4280830075?position=3&pageNum=15&refId=F%2BCaC6xVkaHORZmPZgqRFg%3D%3D&trackingId=Y31V1GzKlwzZnb33Lfhg3A%3D%3D
113,"(Senior) Software Developer C#, JavaScript (Relocation to Athens, Greece)",PeopleCert,"Ankara, Ankara, Türkiye",https://tr.linkedin.com/jobs/view/senior-software-developer-c%23-javascript-relocation-to-athens-greece-at-peoplecert-4283488965?position=4&pageNum=15&refId=F%2BCaC6xVkaHORZmPZgqRFg%3D%3D&trackingId=QvX4QdlEkyD1PUmIn%2BsRlA%3D%3D
114,C/C++ Developer,TELPA A.Ş.,"Istanbul, Istanbul, Türkiye",https://tr.linkedin.com/jobs/view/c-c%2B%2B-developer-at-telpa-a-%C5%9F-4284073446?position=5&pageNum=15&refId=F%2BCaC6xVkaHORZmPZgqRFg%3D%3D&trackingId=Hy7gHSC4jyvfPtUVi5dSQg%3D%3D
115,Senior Software Developer,TurkNet,"Istanbul, Türkiye",https://tr.linkedin.com/jobs/view/senior-software-developer-at-turknet-3920108050?position=6&pageNum=15&refId=F%2BCaC6xVkaHORZmPZgqRFg%3D%3D&trackingId=sWBRXHjej4awxLxjWHIjzA%3D%3D
116,Kıdemli Yazılım Geliştirme Mühendisi,Tatilsepeti,"Istanbul, Istanbul, Türkiye",https://tr.linkedin.com/jobs/view/k%C4%B1demli-yaz%C4%B1l%C4%B1m-geli%C5%9Ftirme-m%C3%BChendisi-at-tatilsepeti-4281037962?position=7&pageNum=15&refId=F%2BCaC6xVkaHORZmPZgqRFg%3D%3D&trackingId=ncWLsBsgmSdtn1M0Tho2ig%3D%3D
117,Senior Software Engineer - PHP (Onboarding Team),Insider.,"Istanbul, Istanbul, Türkiye",https://tr.linkedin.com/jobs/view/senior-software-engineer-php-onboarding-team-at-insider-4278687488?position=8&pageNum=15&refId=F%2BCaC6xVkaHORZmPZgqRFg%3D%3D&trackingId=VhDNNczcX3XYEK6mlS2HVA%3D%3D
118,Software .Net Developer,Worldline,Greater Istanbul,https://tr.linkedin.com/jobs/view/software-net-developer-at-worldline-4283535695?position=9&pageNum=15&refId=F%2BCaC6xVkaHORZmPZgqRFg%3D%3D&trackingId=fW7jPzoJXuX4ZgpbMAKF2w%3D%3D
119,Backend Development Intern,viravira.co,"Istanbul, Istanbul, Türkiye",https://tr.linkedin.com/jobs/view/backend-development-intern-at-viravira-co-4280887825?position=10&pageNum=15&refId=F%2BCaC6xVkaHORZmPZgqRFg%3D%3D&trackingId=3sHdmeuly9DmRxxPpZkTRA%3D%3D
120,Senior Software Developer - Ankara,sahibinden.com,"Ankara, Türkiye",https://tr.linkedin.com/jobs/view/senior-software-developer-ankara-at-sahibinden-com-4281004903?position=1&pageNum=17&refId=YeNHVxQ2sKqnXvTm727ajQ%3D%3D&trackingId=m2PqzegqdihXKiuULc47OA%3D%3D
121,Sertifikasyon Yazılım Mühendisi,Aselsan,"Ankara, Türkiye",https://tr.linkedin.com/jobs/view/sertifikasyon-yaz%C4%B1l%C4%B1m-m%C3%BChendisi-at-aselsan-4288861399?position=2&pageNum=17&refId=YeNHVxQ2sKqnXvTm727ajQ%3D%3D&trackingId=FVjPJopnFy3deMEWXJVQTw%3D%3D
122,Software Engineer - Backend (Go-lang),FairMoney,"Istanbul, Istanbul, Türkiye",https://tr.linkedin.com/jobs/view/software-engineer-backend-go-lang-at-fairmoney-4283545481?position=3&pageNum=17&refId=YeNHVxQ2sKqnXvTm727ajQ%3D%3D&trackingId=qxXZCizBhxN%2B7%2FmFyTnMzw%3D%3D
123,Software Engineer 'Credits Collection and Workout Application Development',Yapı Kredi Teknoloji,"Kocaeli, Türkiye",https://tr.linkedin.com/jobs/view/software-engineer-credits-collection-and-workout-application-development-at-yap%C4%B1-kredi-teknoloji-4281034686?position=4&pageNum=17&refId=YeNHVxQ2sKqnXvTm727ajQ%3D%3D&trackingId=1EmsYUiJMVhErqyOvBVWVA%3D%3D
124,Mid Back-End Developer (Remote),SHFT,Türkiye,https://tr.linkedin.com/jobs/view/mid-back-end-developer-remote-at-shft-4279895897?position=5&pageNum=17&refId=YeNHVxQ2sKqnXvTm727ajQ%3D%3D&trackingId=gpY4Ia%2FxocDOOStdztWdHQ%3D%3D
125,Yazılım Mühendisi (Bilgisayarla Görme),Ekol Logistics,"Sancaktepe, Istanbul, Türkiye",https://tr.linkedin.com/jobs/view/yaz%C4%B1l%C4%B1m-m%C3%BChendisi-bilgisayarla-g%C3%B6rme-at-ekol-logistics-4281274149?position=6&pageNum=17&refId=YeNHVxQ2sKqnXvTm727ajQ%3D%3D&trackingId=4kgNhhZaZV6puO4vLIOIbw%3D%3D
126,Java Developer,Randstad Türkiye,"Istanbul, Türkiye",https://tr.linkedin.com/jobs/view/java-developer-at-randstad-t%C3%BCrkiye-4263088061?position=7&pageNum=17&refId=YeNHVxQ2sKqnXvTm727ajQ%3D%3D&trackingId=DGxGWmKxaBJpSy2H6v5mmA%3D%3D
127,Yazılım Uzmanı (Kartlı Sistemler Departmanı ),TEB,"Istanbul, Türkiye",https://tr.linkedin.com/jobs/view/yaz%C4%B1l%C4%B1m-uzman%C4%B1-kartl%C4%B1-sistemler-departman%C4%B1-at-teb-4288563850?position=8&pageNum=17&refId=YeNHVxQ2sKqnXvTm727ajQ%3D%3D&trackingId=DQGx5VeQb%2F%2FyINyj%2FX9DtA%3D%3D
128,"Engineering Lead, Backend - Remote",Justlife,Türkiye,https://tr.linkedin.com/jobs/view/engineering-lead-backend-remote-at-justlife-4289984276?position=9&pageNum=17&refId=YeNHVxQ2sKqnXvTm727ajQ%3D%3D&trackingId=VFod7veeKw6VIl2vwS7JvA%3D%3D
129,"Product Specialist, Games (New Grad)",Peak,"Istanbul, Türkiye",https://tr.linkedin.com/jobs/view/product-specialist-games-new-grad-at-peak-4247877943?position=10&pageNum=17&refId=YeNHVxQ2sKqnXvTm727ajQ%3D%3D&trackingId=pdE6XjQQ2%2BprzL%2FkRYY5fw%3D%3D
130,Senior .NET Developer,Sanction Scanner,"Üsküdar, Istanbul, Türkiye",https://tr.linkedin.com/jobs/view/senior-net-developer-at-sanction-scanner-4292860388?position=1&pageNum=20&refId=hzzZhAYqzDjgEaJXuQK9cA%3D%3D&trackingId=R9%2Bp3MUF4ld9khEPPVWecg%3D%3D
131,Senior Software Developer,sahibinden.com,"Istanbul, Türkiye",https://tr.linkedin.com/jobs/view/senior-software-developer-at-sahibinden-com-4278208803?position=2&pageNum=20&refId=hzzZhAYqzDjgEaJXuQK9cA%3D%3D&trackingId=N%2FsOSVFDrzgJW9NOiucUvw%3D%3D
132,Software Engineer,Wide and Wise,"Istanbul, Türkiye",https://tr.linkedin.com/jobs/view/software-engineer-at-wide-and-wise-4291591781?position=3&pageNum=20&refId=hzzZhAYqzDjgEaJXuQK9cA%3D%3D&trackingId=ox%2FHkAVziWtGOOwE9EOQdQ%3D%3D
133,Aviyonik Yazılım Tasarım Mühendisi,Aselsan,"Ankara, Türkiye",https://tr.linkedin.com/jobs/view/aviyonik-yaz%C4%B1l%C4%B1m-tasar%C4%B1m-m%C3%BChendisi-at-aselsan-4277783694?position=4&pageNum=20&refId=hzzZhAYqzDjgEaJXuQK9cA%3D%3D&trackingId=QC8KlDUgSr%2B7HdpfTDdoiw%3D%3D
134,NodeJS Developer,OBSS,Türkiye,https://tr.linkedin.com/jobs/view/nodejs-developer-at-obss-4231849402?position=5&pageNum=20&refId=hzzZhAYqzDjgEaJXuQK9cA%3D%3D&trackingId=2UYqyf4jpZeHB2P2oiiuVQ%3D%3D
135,Fullstack Developer,Fundraise Up,"Istanbul, Türkiye",https://tr.linkedin.com/jobs/view/fullstack-developer-at-fundraise-up-4285200938?position=6&pageNum=20&refId=hzzZhAYqzDjgEaJXuQK9cA%3D%3D&trackingId=G3RVudbv6FuK5z0Rgbfb%2BQ%3D%3D
136,Mobile Application Developer,Akakçe,"Ankara, Türkiye",https://tr.linkedin.com/jobs/view/mobile-application-developer-at-akak%C3%A7e-4289846252?position=7&pageNum=20&refId=hzzZhAYqzDjgEaJXuQK9cA%3D%3D&trackingId=vNmGuFCVXbEhgbmLz42aqA%3D%3D
137,React Native Developer (Mobile Apps - Onsite),SevenApps,"Istanbul, Istanbul, Türkiye",https://tr.linkedin.com/jobs/view/react-native-developer-mobile-apps-onsite-at-sevenapps-4279460125?position=8&pageNum=20&refId=hzzZhAYqzDjgEaJXuQK9cA%3D%3D&trackingId=DpvKDWpi8XfbiAMJcWO4BA%3D%3D
138,Yazılım Mühendisi,UNO - UNMAŞ AŞ,"Ümraniye, Istanbul, Türkiye",https://tr.linkedin.com/jobs/view/yaz%C4%B1l%C4%B1m-m%C3%BChendisi-at-uno-unma%C5%9F-a%C5%9F-4285738296?position=9&pageNum=20&refId=hzzZhAYqzDjgEaJXuQK9cA%3D%3D&trackingId=L9Cqsn9ymtscuNWR25MWWw%3D%3D
139,Java Software Engineer,Aksigorta,"Ümraniye, Istanbul, Türkiye",https://tr.linkedin.com/jobs/view/java-software-engineer-at-aksigorta-4280270490?position=10&pageNum=20&refId=hzzZhAYqzDjgEaJXuQK9cA%3D%3D&trackingId=xJgASLXK3oOrRJVCoA%2Bd7Q%3D%3D
140,Senior Software Developer,Intertech Information Technology and Marketing Inc.,"Istanbul, Türkiye",https://tr.linkedin.com/jobs/view/senior-software-developer-at-intertech-information-technology-and-marketing-inc-4263050470?position=1&pageNum=22&refId=Lgki32CuTZRlF720oYT0qg%3D%3D&trackingId=bFpTUfyvyXwk3uQGQQPkbQ%3D%3D
141,Data Engineer,Hepsiburada (NASDAQ: HEPS),"Istanbul, Türkiye",https://tr.linkedin.com/jobs/view/data-engineer-at-hepsiburada-nasdaq-heps-4271314685?position=2&pageNum=22&refId=Lgki32CuTZRlF720oYT0qg%3D%3D&trackingId=Fet1faqiQljO2%2BDSY32SGQ%3D%3D
142,Junior Test Engineer,TELPA A.Ş.,"Istanbul, Istanbul, Türkiye",https://tr.linkedin.com/jobs/view/junior-test-engineer-at-telpa-a-%C5%9F-4279461003?position=3&pageNum=22&refId=Lgki32CuTZRlF720oYT0qg%3D%3D&trackingId=Nig1yHnwl6ss4h1dNFq0%2Bw%3D%3D
143,Backend Developer (Python Django),Lokalde,"Istanbul, Türkiye",https://tr.linkedin.com/jobs/view/backend-developer-python-django-at-lokalde-4280668897?position=4&pageNum=22&refId=Lgki32CuTZRlF720oYT0qg%3D%3D&trackingId=HSF0SorIhSW9feLHZ791lw%3D%3D
144,Full Stack Developer,Wide and Wise,Türkiye,https://tr.linkedin.com/jobs/view/full-stack-developer-at-wide-and-wise-4283545188?position=5&pageNum=22&refId=Lgki32CuTZRlF720oYT0qg%3D%3D&trackingId=P8Ct6YpG4ufHbPzwy4FsYg%3D%3D
145,Software Developer,Worldline,Greater Istanbul,https://tr.linkedin.com/jobs/view/software-developer-at-worldline-4289906906?position=6&pageNum=22&refId=Lgki32CuTZRlF720oYT0qg%3D%3D&trackingId=oVGw5QTc9mINLhpxGeHafw%3D%3D
146,Backend Developer (Node.js),Fundraise Up,"Istanbul, Türkiye",https://tr.linkedin.com/jobs/view/backend-developer-node-js-at-fundraise-up-4284137456?position=7&pageNum=22&refId=Lgki32CuTZRlF720oYT0qg%3D%3D&trackingId=n0MrC3JjJkR4ydJ3JOgPzg%3D%3D
147,Remote Java Developer,OBSS,Türkiye,https://tr.linkedin.com/jobs/view/remote-java-developer-at-obss-3802267044?position=8&pageNum=22&refId=Lgki32CuTZRlF720oYT0qg%3D%3D&trackingId=yWbtcX5aMaOZctOVGEBWSQ%3D%3D
148,Internet & Mobile Banking / Software Engineer,Garanti BBVA Teknoloji,"Istanbul, Istanbul, Türkiye",https://tr.linkedin.com/jobs/view/internet-mobile-banking-software-engineer-at-garanti-bbva-teknoloji-4286700756?position=9&pageNum=22&refId=Lgki32CuTZRlF720oYT0qg%3D%3D&trackingId=FUynmLEk6m5muqeTUG0Ttg%3D%3D
149,Full-stack Developer,PayPole Ödeme Hizmetleri Ve Elektronik Para A.Ş.,"Sisli, Istanbul, Türkiye",https://tr.linkedin.com/jobs/view/full-stack-developer-at-paypole-%C3%B6deme-hizmetleri-ve-elektronik-para-a-%C5%9F-4233213721?position=10&pageNum=22&refId=Lgki32CuTZRlF720oYT0qg%3D%3D&trackingId=K10rwU7Ey65LFLsyryp7hg%3D%3D
150,Senior Backend Developer,Beymen Group,"Istanbul, Türkiye",https://tr.linkedin.com/jobs/view/senior-backend-developer-at-beymen-group-4288560163?position=1&pageNum=25&refId=dbAhZ8m7U99xev1tkqvT1Q%3D%3D&trackingId=pSGhSROv4xumYhiOlBAtNw%3D%3D
151,Java Software Engineer,Metasis Teknoloji,"Istanbul, Türkiye",https://tr.linkedin.com/jobs/view/java-software-engineer-at-metasis-teknoloji-4082494062?position=2&pageNum=25&refId=dbAhZ8m7U99xev1tkqvT1Q%3D%3D&trackingId=AgOVeg%2B9dYXXkUWvTzru%2Bw%3D%3D
152,İki Dilli Editör,DataAnnotation,Türkiye,https://tr.linkedin.com/jobs/view/i%CC%87ki-dilli-edit%C3%B6r-at-dataannotation-4246519994?position=3&pageNum=25&refId=dbAhZ8m7U99xev1tkqvT1Q%3D%3D&trackingId=xmIGIKf2614saqN1%2BExFvA%3D%3D
153,Software Engineer,Virtuagym,Türkiye,https://tr.linkedin.com/jobs/view/software-engineer-at-virtuagym-4288031926?position=4&pageNum=25&refId=dbAhZ8m7U99xev1tkqvT1Q%3D%3D&trackingId=YiSCUp4vnLRrsyNvIiQuhA%3D%3D
154,Software Developler ( Java ),TalenTown İnsan Kaynakları - İşe Alım Ajansı,Türkiye,https://tr.linkedin.com/jobs/view/software-developler-java-at-talentown-i%CC%87nsan-kaynaklar%C4%B1-i%CC%87%C5%9Fe-al%C4%B1m-ajans%C4%B1-4292606628?position=5&pageNum=25&refId=dbAhZ8m7U99xev1tkqvT1Q%3D%3D&trackingId=3uMqhT%2BetcWHvsERvWBzJA%3D%3D
155,Software Engineering Specialist - Human Data,xAI,Greater Bursa,https://tr.linkedin.com/jobs/view/software-engineering-specialist-human-data-at-xai-4255449119?position=6&pageNum=25&refId=dbAhZ8m7U99xev1tkqvT1Q%3D%3D&trackingId=0tWNADE7f5lrpKFBo0pgZQ%3D%3D
156,Java Software Engineer,Mirsis Bilgi Teknolojileri,Türkiye,https://tr.linkedin.com/jobs/view/java-software-engineer-at-mirsis-bilgi-teknolojileri-4284314991?position=7&pageNum=25&refId=dbAhZ8m7U99xev1tkqvT1Q%3D%3D&trackingId=nm3pDL%2Fwqk4jXB7F4P%2Be2A%3D%3D
157,Back End Developer,Oak Technology,Türkiye,https://tr.linkedin.com/jobs/view/back-end-developer-at-oak-technology-4292939598?position=8&pageNum=25&refId=dbAhZ8m7U99xev1tkqvT1Q%3D%3D&trackingId=e7TwPytL1vb%2FJ6FsLijZfQ%3D%3D
158,Frontend Developer,Gizli,"Istanbul, Türkiye",https://tr.linkedin.com/jobs/view/frontend-developer-at-gizli-4255143697?position=9&pageNum=25&refId=dbAhZ8m7U99xev1tkqvT1Q%3D%3D&trackingId=1r5z83tAT21hTCfK5mfg4A%3D%3D
159,Senior Website Developer,Insider.,"Istanbul, Istanbul, Türkiye",https://tr.linkedin.com/jobs/view/senior-website-developer-at-insider-4249251046?position=10&pageNum=25&refId=dbAhZ8m7U99xev1tkqvT1Q%3D%3D&trackingId=xc1EQqOMpTh0K9g%2F1SNxhg%3D%3D
160,Sr. Frontend Developer,Akakçe,"Ankara, Türkiye",https://tr.linkedin.com/jobs/view/sr-frontend-developer-at-akak%C3%A7e-4289841267?position=1&pageNum=27&refId=SdFeb7GQRnrx7RHTTAOE%2Fw%3D%3D&trackingId=10zA8AIam39iWip3IiQjzg%3D%3D
161,Full Stack Java Developer,OBSS,"Istanbul, Türkiye",https://tr.linkedin.com/jobs/view/full-stack-java-developer-at-obss-3851274538?position=2&pageNum=27&refId=SdFeb7GQRnrx7RHTTAOE%2Fw%3D%3D&trackingId=p5cU4%2Bf%2FK92bqEO5x0UvQQ%3D%3D
162,Senior Software Engineer (AI Model serving),Speechify,Türkiye,https://tr.linkedin.com/jobs/view/senior-software-engineer-ai-model-serving-at-speechify-4291241357?position=3&pageNum=27&refId=SdFeb7GQRnrx7RHTTAOE%2Fw%3D%3D&trackingId=2jT6fkprbj65dbSNEQWG8A%3D%3D
163,"Web Frontend Engineer - JS, CSS, React, Flutter",Canonical,"İstanbul, Türkiye",https://tr.linkedin.com/jobs/view/web-frontend-engineer-js-css-react-flutter-at-canonical-4284903791?position=4&pageNum=27&refId=SdFeb7GQRnrx7RHTTAOE%2Fw%3D%3D&trackingId=s7BRTq5I4dY30CJmnHCjkw%3D%3D
164,Yazılım Mühendisi (ML and MLOps),Ekol Logistics,"Sancaktepe, Istanbul, Türkiye",https://tr.linkedin.com/jobs/view/yaz%C4%B1l%C4%B1m-m%C3%BChendisi-ml-and-mlops-at-ekol-logistics-4281257592?position=5&pageNum=27&refId=SdFeb7GQRnrx7RHTTAOE%2Fw%3D%3D&trackingId=eLY9OwoPeDfsh4ItmHRqHw%3D%3D
165,Sr. Full-Stack Developer (Hybrid),Massive Bio,Greater Istanbul,https://tr.linkedin.com/jobs/view/sr-full-stack-developer-hybrid-at-massive-bio-4243883277?position=6&pageNum=27&refId=SdFeb7GQRnrx7RHTTAOE%2Fw%3D%3D&trackingId=FaKp8lrYpNFEVlLfK79bUw%3D%3D
166,Part-time Working Student (Test Automation Developer),Siemens,"Istanbul, Istanbul, Türkiye",https://tr.linkedin.com/jobs/view/part-time-working-student-test-automation-developer-at-siemens-4290578972?position=7&pageNum=27&refId=SdFeb7GQRnrx7RHTTAOE%2Fw%3D%3D&trackingId=twJt5Nh%2FZuzkCXwaFaO6nA%3D%3D
167,Senior Software Developer,Intertech Information Technology and Marketing Inc.,"Istanbul, Türkiye",https://tr.linkedin.com/jobs/view/senior-software-developer-at-intertech-information-technology-and-marketing-inc-4208672111?position=8&pageNum=27&refId=SdFeb7GQRnrx7RHTTAOE%2Fw%3D%3D&trackingId=iyS8KjYBiYI1g%2BuMrax03A%3D%3D
168,Software Engineer - Python - Ubuntu Pro client - graduate level,Canonical,"Ankara, Ankara, Türkiye",https://tr.linkedin.com/jobs/view/software-engineer-python-ubuntu-pro-client-graduate-level-at-canonical-4233269843?position=9&pageNum=27&refId=SdFeb7GQRnrx7RHTTAOE%2Fw%3D%3D&trackingId=H9lyznpQmr8PS0nJch2OAw%3D%3D
169,Senior Backend Developer,Migros Ticaret,"Ataşehir, Istanbul, Türkiye",https://tr.linkedin.com/jobs/view/senior-backend-developer-at-migros-ticaret-4287106654?position=10&pageNum=27&refId=SdFeb7GQRnrx7RHTTAOE%2Fw%3D%3D&trackingId=JgkM5aAVnOgGFsklTlvxuA%3D%3D
170,Full Stack Engineer (New Grad),Devredin,"Istanbul, Istanbul, Türkiye",https://tr.linkedin.com/jobs/view/full-stack-engineer-new-grad-at-devredin-4291459740?position=1&pageNum=30&refId=A1BLMS%2BWJPqjcbKzjlnVIA%3D%3D&trackingId=zIjB3bbMmjZdCM9B8E%2F4Kw%3D%3D
171,Software Engineer - App Stores,Canonical,"Ankara, Ankara, Türkiye",https://tr.linkedin.com/jobs/view/software-engineer-app-stores-at-canonical-4264882211?position=2&pageNum=30&refId=A1BLMS%2BWJPqjcbKzjlnVIA%3D%3D&trackingId=0%2FlE6HBsy7R9rw3lvgJwCA%3D%3D
172,Full Stack Engineer,Sensor Tower,"Istanbul, Istanbul, Türkiye",https://tr.linkedin.com/jobs/view/full-stack-engineer-at-sensor-tower-4268641727?position=3&pageNum=30&refId=A1BLMS%2BWJPqjcbKzjlnVIA%3D%3D&trackingId=dSHJMm%2BWc5CWsPqYDz8wiw%3D%3D
173,Full-Stack Developer,Aco Recycling,"İzmir, Türkiye",https://tr.linkedin.com/jobs/view/full-stack-developer-at-aco-recycling-4288857750?position=4&pageNum=30&refId=A1BLMS%2BWJPqjcbKzjlnVIA%3D%3D&trackingId=QTxR02sn9GXy72XCmhgc8Q%3D%3D
174,Principal Software Developer (TypeScript / Node.js),Colin's,Türkiye,https://tr.linkedin.com/jobs/view/principal-software-developer-typescript-node-js-at-colin-s-4289875427?position=5&pageNum=30&refId=A1BLMS%2BWJPqjcbKzjlnVIA%3D%3D&trackingId=XLy9IsIn0F2AlfedWJA0Hg%3D%3D
175,Business Intelligence Engineer,Hepsiburada (NASDAQ: HEPS),"Istanbul, Türkiye",https://tr.linkedin.com/jobs/view/business-intelligence-engineer-at-hepsiburada-nasdaq-heps-4271472090?position=6&pageNum=30&refId=A1BLMS%2BWJPqjcbKzjlnVIA%3D%3D&trackingId=gD%2Fy6MsJuEU33yFafkciCQ%3D%3D
176,Full Stack Engineer,NovaForge,Türkiye,https://tr.linkedin.com/jobs/view/full-stack-engineer-at-novaforge-4289848878?position=7&pageNum=30&refId=A1BLMS%2BWJPqjcbKzjlnVIA%3D%3D&trackingId=4u21BvhCHE6dBpzyOcmZcQ%3D%3D
177,Kıdemli/Expert .Net Uygulama Gel.Uzmanı,Turkcell Global Bilgi,"Istanbul, Türkiye",https://tr.linkedin.com/jobs/view/k%C4%B1demli-expert-net-uygulama-gel-uzman%C4%B1-at-turkcell-global-bilgi-4281771633?position=8&pageNum=30&refId=A1BLMS%2BWJPqjcbKzjlnVIA%3D%3D&trackingId=TLom%2BkJO%2FEzR37EiVJ4HxQ%3D%3D
178,"AI Researcher Intern (Part-Time, Remote)",IntervAI,Türkiye,https://tr.linkedin.com/jobs/view/ai-researcher-intern-part-time-remote-at-intervai-4291137989?position=9&pageNum=30&refId=A1BLMS%2BWJPqjcbKzjlnVIA%3D%3D&trackingId=2jz9Qs4YuOW1iwh18dnLYA%3D%3D
179,Backend Developer,Şanstech,"Istanbul, Türkiye",https://tr.linkedin.com/jobs/view/backend-developer-at-%C5%9Fanstech-4291132544?position=10&pageNum=30&refId=A1BLMS%2BWJPqjcbKzjlnVIA%3D%3D&trackingId=SNYvOyKwIDU2MeKkiilbcA%3D%3D
180,Machine Learning Engineer,Paxie Games,"Istanbul, Türkiye",https://tr.linkedin.com/jobs/view/machine-learning-engineer-at-paxie-games-4288578766?position=1&pageNum=32&refId=dvesFcveQGPFOJN8onGs5w%3D%3D&trackingId=TO9cMnrIToQh7Oq1LyTRlA%3D%3D
181,Flutter Mobil Uygulama Geliştirici,KAF Technology,"Istanbul, Istanbul, Türkiye",https://tr.linkedin.com/jobs/view/flutter-mobil-uygulama-geli%C5%9Ftirici-at-kaf-technology-4285525032?position=2&pageNum=32&refId=dvesFcveQGPFOJN8onGs5w%3D%3D&trackingId=jyDmijNkZXkuvUn7%2BItEfg%3D%3D
182,Yazılım Mühendisi,Netcad,"Istanbul, Türkiye",https://tr.linkedin.com/jobs/view/yaz%C4%B1l%C4%B1m-m%C3%BChendisi-at-netcad-4261405245?position=3&pageNum=32&refId=dvesFcveQGPFOJN8onGs5w%3D%3D&trackingId=%2BBNjmjEN%2FEf%2FGGJM593t3g%3D%3D
183,Senior Backend Developer,Farmasi,"Kartal, Istanbul, Türkiye",https://tr.linkedin.com/jobs/view/senior-backend-developer-at-farmasi-4290718182?position=4&pageNum=32&refId=dvesFcveQGPFOJN8onGs5w%3D%3D&trackingId=g%2FpI4XO8TJ%2F3J81AuJXRlA%3D%3D
184,R&D Engineer 'Applied Data Science',Yapı Kredi Teknoloji,"Istanbul, Türkiye",https://tr.linkedin.com/jobs/view/r-d-engineer-applied-data-science-at-yap%C4%B1-kredi-teknoloji-4291243209?position=5&pageNum=32&refId=dvesFcveQGPFOJN8onGs5w%3D%3D&trackingId=7wlcd0wX5he4wKdUrw0pZg%3D%3D
185,Senior Python Developer (Remote),Indivd,Türkiye,https://tr.linkedin.com/jobs/view/senior-python-developer-remote-at-indivd-4271341602?position=6&pageNum=32&refId=dvesFcveQGPFOJN8onGs5w%3D%3D&trackingId=PuliykAv%2FLeYj7qpw9goAg%3D%3D
186,Back End Developer,Gizli,"Istanbul, Türkiye",https://tr.linkedin.com/jobs/view/back-end-developer-at-gizli-4255183039?position=7&pageNum=32&refId=dvesFcveQGPFOJN8onGs5w%3D%3D&trackingId=sIex2U8xDSaMZx7vT%2BJm8Q%3D%3D
187,Artificial Intelligence Specialist,BAYEGAN,"Istanbul, Türkiye",https://tr.linkedin.com/jobs/view/artificial-intelligence-specialist-at-bayegan-4283293006?position=8&pageNum=32&refId=dvesFcveQGPFOJN8onGs5w%3D%3D&trackingId=sPWixz%2FxMQrLgmF73rAJUQ%3D%3D
188,Database Engineer,Hepsiburada (NASDAQ: HEPS),"Istanbul, Türkiye",https://tr.linkedin.com/jobs/view/database-engineer-at-hepsiburada-nasdaq-heps-4235876451?position=9&pageNum=32&refId=dvesFcveQGPFOJN8onGs5w%3D%3D&trackingId=MdcEksMXqKYI71Fiyu3yoA%3D%3D
189,Senior Sofware Engineer (Node/React) - Turkey,OAK'S LAB,Türkiye,https://tr.linkedin.com/jobs/view/senior-sofware-engineer-node-react-turkey-at-oak-s-lab-4289935050?position=10&pageNum=32&refId=dvesFcveQGPFOJN8onGs5w%3D%3D&trackingId=oTXc3gq3jAEwXnvet9ptiw%3D%3D
190,.NET Developer – Payment Systems Services,OBSS,"Istanbul, Türkiye",https://tr.linkedin.com/jobs/view/net-developer-%E2%80%93-payment-systems-services-at-obss-4125916111?position=1&pageNum=35&refId=W5YCaqsoySt193zvnX6E6A%3D%3D&trackingId=E82EDBg1tlOeN8g4kQhkhg%3D%3D
191,Artificial Intelligence Engineer,TELPA A.Ş.,"Istanbul, Istanbul, Türkiye",https://tr.linkedin.com/jobs/view/artificial-intelligence-engineer-at-telpa-a-%C5%9F-4279451825?position=2&pageNum=35&refId=W5YCaqsoySt193zvnX6E6A%3D%3D&trackingId=hguMJ4b6JPP09%2F2kxaPufQ%3D%3D
192,PHP Developer,Sipay,"Istanbul, Türkiye",https://tr.linkedin.com/jobs/view/php-developer-at-sipay-4281789378?position=3&pageNum=35&refId=W5YCaqsoySt193zvnX6E6A%3D%3D&trackingId=ulUPet%2BLzl9%2Bs0Zouqey%2BA%3D%3D
193,Robotics Software Engineer,Forkon Robotics,"Istanbul, Türkiye",https://tr.linkedin.com/jobs/view/robotics-software-engineer-at-forkon-robotics-4247693849?position=4&pageNum=35&refId=W5YCaqsoySt193zvnX6E6A%3D%3D&trackingId=zAw5%2BqFX4joQYnlyQe5Lfg%3D%3D
194,Senior Full Stack Engineer,Cherry,Türkiye,https://tr.linkedin.com/jobs/view/senior-full-stack-engineer-at-cherry-4280024425?position=5&pageNum=35&refId=W5YCaqsoySt193zvnX6E6A%3D%3D&trackingId=xIYQ2AZVTlQZMGpE4Zghmw%3D%3D
195,Artificial Intelligence Engineer,Arena,Türkiye,https://tr.linkedin.com/jobs/view/artificial-intelligence-engineer-at-arena-4268076583?position=6&pageNum=35&refId=W5YCaqsoySt193zvnX6E6A%3D%3D&trackingId=ZpyK3AKXvtmihDOcm4bLtw%3D%3D
196,Junior Unity Developer,CodeMiner,"Ankara, Ankara, Türkiye",https://tr.linkedin.com/jobs/view/junior-unity-developer-at-codeminer-4287100823?position=7&pageNum=35&refId=W5YCaqsoySt193zvnX6E6A%3D%3D&trackingId=o%2Br1OKiTWT3dmVeBX6pvag%3D%3D
197,Senior Backend ML/AI Developer,NewMind AI,"Sariyer, Istanbul, Türkiye",https://tr.linkedin.com/jobs/view/senior-backend-ml-ai-developer-at-newmind-ai-4289822982?position=8&pageNum=35&refId=W5YCaqsoySt193zvnX6E6A%3D%3D&trackingId=rxJ3iFYb77w7Cms%2BPHKaiA%3D%3D
198,Senior Backend Developer,NewMind AI,"Sariyer, Istanbul, Türkiye",https://tr.linkedin.com/jobs/view/senior-backend-developer-at-newmind-ai-4280749860?position=9&pageNum=35&refId=W5YCaqsoySt193zvnX6E6A%3D%3D&trackingId=xPNKi98c%2Fj7wNmww6QigwA%3D%3D
199,Software Engineer (Frontend),ICterra Information and Communication Technologies,"Ankara, Türkiye",https://tr.linkedin.com/jobs/view/software-engineer-frontend-at-icterra-information-and-communication-technologies-4291130953?position=1&pageNum=37&refId=7uv7A9hEL67blYn8NA5Epg%3D%3D&trackingId=K4dWjnq9fv0M%2B%2FC839Vn7w%3D%3D
200,Expert Web Developer - Hybrid,Pegasus Airlines,"Istanbul, Türkiye",https://tr.linkedin.com/jobs/view/expert-web-developer-hybrid-at-pegasus-airlines-4285502594?position=2&pageNum=37&refId=7uv7A9hEL67blYn8NA5Epg%3D%3D&trackingId=XxCuFa8g9lNLi6Tf99HFIQ%3D%3D
